{
  "accuracy": 0.675,
  "f1_score": 0.2647058823529412,
  "roc_auc": 0.7299113229244467,
  "precision": 0.167621776504298,
  "recall": 0.6290322580645161
}